timestamp,latitude,longtitude,depth_km,MD,ML,Mw,place,location
2023.03.20 20:21:24,38.3085,38.6872,7.1,,1.8,,KAMISTAS-(MALATYA),MALATYA
2023.03.20 20:14:34,36.3363,28.1910,4.1,,2.3,,RODOS ADASI (AKDENIZ),AKDENIZ
2023.03.20 20:06:13,37.1450,36.9018,7.3,,1.1,,ATAKOY-NURDAGI (GAZIANTEP),GAZIANTEP
2023.03.20 20:04:22,38.7190,38.0665,5.2,,1.7,,YESILPINAR-HEKIMHAN (MALATYA),MALATYA
2023.03.20 20:02:27,37.8463,36.3677,4.1,,2.3,,KUCUKCAMURLU-GOKSUN (KAHRAMANMARAS),KAHRAMANMARAS
2023.03.20 19:56:21,36.1002,36.1198,5.0,,1.5,,DOVER-(HATAY),HATAY
2023.03.20 19:54:14,37.8822,36.6898,11.4,,1.9,,SAHINKAYASI-(KAHRAMANMARAS),KAHRAMANMARAS
2023.03.20 19:52:29,38.7235,38.0428,5.0,,2.0,,YESILPINAR-HEKIMHAN (MALATYA),MALATYA
2023.03.20 19:49:53,37.3135,36.6548,8.5,,1.9,,CAKIROGLU-TURKOGLU (KAHRAMANMARAS),KAHRAMANMARAS
2023.03.20 19:43:35,38.5190,40.3912,11.8,,1.8,,KALEDIBI-HANI (DIYARBAKIR),DIYARBAKIR
2023.03.20 19:42:49,38.4335,37.3120,5.0,,1.4,,AKARCA-ELBISTAN (KAHRAMANMARAS),KAHRAMANMARAS
2023.03.20 19:42:15,38.3192,37.6608,9.0,,1.8,,DARICA-AKCADAG (MALATYA),MALATYA
2023.03.20 19:37:01,36.0138,42.0517,12.7,,3.0,,SURIYE,SURIYE
2023.03.20 19:36:36,38.2467,36.4300,7.9,,1.3,,DOGANKONAK-GOKSUN (KAHRAMANMARAS),KAHRAMANMARAS
2023.03.20 19:32:35,38.4605,39.5680,5.1,,1.7,,CITLIKOY-MADEN (ELAZIG),ELAZIG
2023.03.20 19:29:10,38.2883,36.7997,10.5,,2.0,,BUYUKSEVIN-AFSIN (KAHRAMANMARAS),KAHRAMANMARAS
2023.03.20 19:26:58,38.2183,37.5895,8.8,,1.7,,GUNALTI-ELBISTAN (KAHRAMANMARAS),KAHRAMANMARAS
2023.03.20 19:18:33,38.3928,36.2623,5.0,,1.3,,MIRZAAGA-SARIZ (KAYSERI),KAYSERI
2023.03.20 19:16:11,38.2888,37.7392,7.4,,2.5,,CEVIRME-AKCADAG (MALATYA),MALATYA
2023.03.20 19:11:02,39.0128,30.1838,7.7,,2.2,,BESKARIS-ALTINTAS (KUTAHYA),KUTAHYA
2023.03.20 19:08:11,38.3097,37.5943,7.9,,3.4,3.4,TOPRAKHISAR-ELBISTAN (KAHRAMANMARAS),KAHRAMANMARAS
2023.03.20 19:01:04,38.5110,39.2962,5.0,,1.5,,ACIPAYAM-(ELAZIG),ELAZIG
2023.03.20 18:54:07,37.9357,36.4198,19.7,,1.7,,FINDIKLIKOYAK-GOKSUN (KAHRAMANMARAS),KAHRAMANMARAS
2023.03.20 18:51:41,35.8715,31.2112,8.7,,3.1,3.2,AKDENIZ,AKDENIZ
2023.03.20 18:45:41,38.2705,38.8233,11.2,,1.5,,AKTARLI-PUTURGE (MALATYA),MALATYA
2023.03.20 18:40:33,37.2707,36.6742,4.1,,4.0,,INDERESI-BAHCE (OSMANIYE),OSMANIYE
2023.03.20 18:18:06,39.5745,29.3488,0.0,,1.0,,SAPCIDEDE-TAVSANLI (KUTAHYA),KUTAHYA
2023.03.20 18:14:37,38.2370,38.2492,2.2,,2.8,,KADIRUSAGI-YESILYURT (MALATYA),MALATYA
2023.03.20 18:13:59,39.5713,29.4260,0.0,,1.4,,DERECIK-TAVSANLI (KUTAHYA),KUTAHYA
2023.03.20 18:13:26,36.7088,36.1040,9.4,,1.5,,SARISEKI-ISKENDERUN (HATAY),HATAY
2023.03.20 18:09:17,37.4855,37.0927,7.8,,1.4,,CIGLI-(KAHRAMANMARAS),KAHRAMANMARAS
2023.03.20 18:08:40,37.1797,36.6435,26.5,,1.3,,KIZLAC-BAHCE (OSMANIYE),OSMANIYE
2023.03.20 18:01:55,36.5347,36.1373,5.0,,2.0,,KISLA-ARSUZ (HATAY),HATAY
2023.03.20 17:51:34,38.3487,36.6440,20.9,,1.3,,TURKCAYIRI-AFSIN (KAHRAMANMARAS),KAHRAMANMARAS
2023.03.20 17:47:38,40.8168,31.5102,14.3,,1.7,,KIZILAGIL-(BOLU),BOLU
2023.03.20 17:33:31,37.7913,33.8602,9.8,,1.1,,BEYOREN-EREGLI (KONYA),KONYA
2023.03.20 17:26:40,37.9153,36.3158,5.7,,2.0,,HACIKODAL-GOKSUN (KAHRAMANMARAS),KAHRAMANMARAS
2023.03.20 17:24:11,36.0633,36.4870,5.5,,1.8,,HACIPASA-ALTINOZU (HATAY),HATAY
2023.03.20 17:22:42,36.9907,27.9602,10.0,,2.2,,GOKOVA KORFEZI (AKDENIZ),AKDENIZ
2023.03.20 17:03:16,37.9497,36.8363,18.9,,1.8,,HACIBUDAK-(KAHRAMANMARAS),KAHRAMANMARAS
2023.03.20 16:51:38,38.1767,37.3437,8.8,,1.6,,AKBAYIR-ELBISTAN (KAHRAMANMARAS),KAHRAMANMARAS
2023.03.20 16:47:31,38.3470,37.2157,10.6,,1.3,,EVCIHUYUK-ELBISTAN (KAHRAMANMARAS),KAHRAMANMARAS
2023.03.20 16:37:42,36.9232,37.0032,21.3,,1.5,,KAYNAKLI-MUSABEYLI (KILIS),KILIS
2023.03.20 16:33:14,34.5507,24.1287,20.1,,2.4,,GIRIT ADASI ACIKLARI (AKDENIZ),AKDENIZ
2023.03.20 16:27:42,40.8143,31.4565,6.3,,1.9,,KIZILAGIL-(BOLU),BOLU
2023.03.20 16:18:56,38.1893,34.3223,5.0,,3.2,,KITRELI-CIFTLIK (NIGDE),NIGDE
2023.03.20 16:17:39,36.1460,36.1568,5.4,,1.9,,HARBIYE-(HATAY),HATAY
2023.03.20 16:13:24,38.1625,38.5208,5.0,,1.7,,ULUKOY-(MALATYA),MALATYA
2023.03.20 16:12:43,39.4167,26.1895,8.4,,2.7,,MIDILLI ADASI (EGE DENIZI),EGE DENIZI
2023.03.20 16:06:11,37.6483,35.3540,9.7,,2.3,,YETIMLI-ALADAG (ADANA),ADANA
2023.03.20 16:03:08,38.2440,38.0658,19.7,,2.0,,KIRLANGIC-YESILYURT (MALATYA),MALATYA
2023.03.20 16:01:41,38.1488,38.5342,6.2,,2.6,,GECITLI-SINCIK (ADIYAMAN),ADIYAMAN
2023.03.20 15:55:08,38.4165,39.2290,5.0,,2.2,,KURKKOY-SIVRICE (ELAZIG),ELAZIG
2023.03.20 15:48:29,37.9720,36.2935,17.4,,1.6,,KAZANDERE-GOKSUN (KAHRAMANMARAS),KAHRAMANMARAS
2023.03.20 15:41:41,38.2925,37.8605,17.5,,1.8,,HANCERLI-AKCADAG (MALATYA),MALATYA
2023.03.20 15:25:31,38.3542,38.0838,20.4,,1.8,,YAGMURLU-AKCADAG (MALATYA),MALATYA
2023.03.20 15:21:24,38.0173,36.4903,5.0,,2.0,,GOKSUN (KAHRAMANMARAS),KAHRAMANMARAS
2023.03.20 15:15:45,38.6503,37.1820,5.0,,2.7,,KAVAKKOY-GURUN (SIVAS),SIVAS
2023.03.20 15:12:42,37.2938,36.8338,8.1,,2.0,,MINEHUYUK-TURKOGLU (KAHRAMANMARAS),KAHRAMANMARAS
2023.03.20 14:58:23,37.8057,37.7167,3.5,,1.9,,AKCAKAYA-GOLBASI (ADIYAMAN),ADIYAMAN
2023.03.20 14:51:31,37.9098,37.9535,7.8,,2.3,,ERKENEK-DOGANSEHIR (MALATYA),MALATYA
2023.03.20 14:51:00,38.1725,37.3305,12.5,,2.0,,AKBAYIR-ELBISTAN (KAHRAMANMARAS),KAHRAMANMARAS
2023.03.20 14:38:22,38.1025,38.4363,5.0,,2.3,,KARAGOL-CELIKHAN (ADIYAMAN),ADIYAMAN
2023.03.20 14:16:48,38.0715,37.3072,5.0,,2.2,,AGCASAR-NURHAK (KAHRAMANMARAS),KAHRAMANMARAS
2023.03.20 14:09:58,37.9347,36.2778,5.0,,2.3,,HACIKODAL-GOKSUN (KAHRAMANMARAS),KAHRAMANMARAS
2023.03.20 14:03:18,38.2315,37.9195,5.3,,1.6,,OREN-AKCADAG (MALATYA),MALATYA
2023.03.20 14:01:07,37.0902,36.3057,25.3,,0.9,,CARDAK-(OSMANIYE),OSMANIYE
2023.03.20 13:51:39,37.4698,36.7675,10.6,,1.6,,DADAGLI-(KAHRAMANMARAS),KAHRAMANMARAS
2023.03.20 13:36:25,37.3045,37.0922,6.4,,2.9,,ORDEKDEDE-PAZARCIK (KAHRAMANMARAS),KAHRAMANMARAS
2023.03.20 13:31:32,38.8793,28.1183,5.2,,1.3,,KARAAGAC-GORDES (MANISA),MANISA
2023.03.20 13:30:56,37.9618,36.3365,5.0,,1.4,,SIRMALI-GOKSUN (KAHRAMANMARAS),KAHRAMANMARAS
2023.03.20 13:29:27,37.9692,38.1380,5.0,,1.9,,KURUCAOVA-DOGANSEHIR (MALATYA),MALATYA
2023.03.20 13:24:52,38.4247,40.1720,5.2,,2.0,,BOGAZKOY-DICLE (DIYARBAKIR),DIYARBAKIR
2023.03.20 13:21:41,36.3103,36.3790,2.2,,1.5,,KURTULUS-REYHANLI (HATAY),HATAY
2023.03.20 13:16:45,37.9308,36.3693,5.0,,2.6,,YOGUNOLUK-GOKSUN (KAHRAMANMARAS),KAHRAMANMARAS
2023.03.20 13:15:05,38.3350,38.7850,23.0,,1.5,,CANAKCI-KALE (MALATYA),MALATYA
2023.03.20 13:09:57,37.3613,37.1182,5.8,,1.6,,KARACAY-PAZARCIK (KAHRAMANMARAS),KAHRAMANMARAS
2023.03.20 13:07:33,37.3245,37.0755,14.7,,2.7,,EMIROGLU-PAZARCIK (KAHRAMANMARAS),KAHRAMANMARAS
2023.03.20 13:05:46,38.1477,37.8855,6.4,,2.0,,YOLKURU-DOGANSEHIR (MALATYA),MALATYA
2023.03.20 13:04:50,37.5580,35.6538,16.2,,1.5,,AKARCA-KOZAN (ADANA),ADANA
2023.03.20 12:57:06,38.0773,37.1915,9.3,,4.5,,EKINOZU (KAHRAMANMARAS),KAHRAMANMARAS
2023.03.20 12:49:41,37.3797,36.9268,5.7,,1.5,,TAHTALIDEDELER-TURKOGLU (KAHRAMANMARAS),KAHRAMANMARAS
2023.03.20 12:47:28,36.7927,36.3118,7.9,,1.5,,KONAKLI-DORTYOL (HATAY),HATAY
2023.03.20 12:46:27,36.6873,36.1772,18.3,,2.0,2.0,SARISEKI-ISKENDERUN (HATAY),HATAY
2023.03.20 12:41:39,38.3788,38.1358,5.0,,2.3,,CAYIRKOY-YESILYURT (MALATYA),MALATYA
2023.03.20 12:38:38,38.0135,38.1417,2.4,,1.9,,PINARBASI-CELIKHAN (ADIYAMAN),ADIYAMAN
2023.03.20 12:38:00,39.4895,33.5100,4.8,,1.8,,KARAYAKUP-CELEBI (KIRIKKALE),KIRIKKALE
2023.03.20 12:28:12,37.9712,27.2038,9.0,,1.7,,KUSADASI KORFEZI (EGE DENIZI),EGE DENIZI
2023.03.20 12:21:12,37.2838,36.6820,5.6,,3.2,3.2,KALEDIBI-TURKOGLU (KAHRAMANMARAS),KAHRAMANMARAS
2023.03.20 12:18:43,38.0928,38.8417,29.4,,2.0,,KAYADERE-PUTURGE (MALATYA),MALATYA
2023.03.20 12:16:21,39.4028,43.1810,15.6,,1.8,,SOGANLITEPE-HAMUR (AGRI),AGRI
2023.03.20 12:14:52,38.1730,37.9747,5.0,,1.9,,YUVALI-DOGANSEHIR (MALATYA),MALATYA
2023.03.20 12:08:57,37.3953,36.5015,15.8,,1.5,,SUMAKLI-ANDIRIN (KAHRAMANMARAS),KAHRAMANMARAS
2023.03.20 11:59:54,37.4380,36.9860,1.3,,1.6,,KOCALAR-(KAHRAMANMARAS),KAHRAMANMARAS
2023.03.20 11:53:18,37.7617,37.8587,3.7,,1.5,,CIFTLIK-TUT (ADIYAMAN),ADIYAMAN
2023.03.20 11:52:24,37.8867,36.3070,4.2,,1.8,,PAYAMBURNU-GOKSUN (KAHRAMANMARAS),KAHRAMANMARAS
2023.03.20 11:51:49,37.2953,37.0223,5.0,,1.3,,AKDEMIR-PAZARCIK (KAHRAMANMARAS),KAHRAMANMARAS
2023.03.20 11:39:55,38.5525,37.4627,15.3,,1.9,,DARENDE (MALATYA),MALATYA
2023.03.20 11:38:57,38.2993,38.2975,4.0,,2.2,,GUNDUZBEY-YESILYURT (MALATYA),MALATYA
2023.03.20 11:31:03,38.0402,36.5462,9.7,,1.7,,YANTEPE-GOKSUN (KAHRAMANMARAS),KAHRAMANMARAS
2023.03.20 11:12:07,36.0433,35.7685,7.2,,2.0,,AKDENIZ,AKDENIZ
2023.03.20 10:57:37,37.6437,35.6052,14.9,,2.5,,ERGENUSAGI-KOZAN (ADANA),ADANA
2023.03.20 10:57:00,38.1303,38.5908,5.0,,3.4,,TEKEDERESI-PUTURGE (MALATYA),MALATYA
2023.03.20 10:35:07,38.2187,38.0930,5.0,,2.8,,ISIKLI-YESILYURT (MALATYA),MALATYA
2023.03.20 10:32:27,37.2072,37.0817,4.9,,2.3,,SARILAR-SEHITKAMIL (GAZIANTEP),GAZIANTEP
2023.03.20 10:27:39,36.2990,35.8217,9.2,,1.5,,KALE-ARSUZ (HATAY),HATAY
2023.03.20 10:23:26,38.1440,38.1993,13.7,,2.2,,CAMPINAR-CELIKHAN (ADIYAMAN),ADIYAMAN
2023.03.20 10:19:55,38.2760,38.2460,4.8,,1.7,,GUNDUZBEY-YESILYURT (MALATYA),MALATYA
2023.03.20 10:18:38,38.0213,37.5547,9.0,,1.7,,TATLAR-NURHAK (KAHRAMANMARAS),KAHRAMANMARAS
2023.03.20 10:17:25,38.2635,36.9362,14.4,,2.1,,AFSIN (KAHRAMANMARAS),KAHRAMANMARAS
2023.03.20 10:16:30,38.0012,36.6410,14.6,,2.3,,ELMALI-GOKSUN (KAHRAMANMARAS),KAHRAMANMARAS
2023.03.20 10:15:22,37.8667,38.0480,17.0,,1.8,,DANDIRMAZ-(ADIYAMAN),ADIYAMAN
2023.03.20 10:12:02,37.2437,36.9542,6.6,,2.2,,INCIRLI-NURDAGI (GAZIANTEP),GAZIANTEP
2023.03.20 10:08:06,38.1942,38.5905,5.0,,2.0,,SOGUTLU-PUTURGE (MALATYA),MALATYA
2023.03.20 10:03:43,38.1047,36.4567,9.7,,1.4,,MEHMETBEY-GOKSUN (KAHRAMANMARAS),KAHRAMANMARAS
2023.03.20 10:01:13,38.6333,39.6503,27.6,,1.9,,KONAKALMAZ-(ELAZIG),ELAZIG
2023.03.20 09:55:08,37.9347,36.5510,5.4,,1.7,,KURUCAOVA-(KAHRAMANMARAS),KAHRAMANMARAS
2023.03.20 09:48:14,38.1670,38.6445,9.4,,1.4,,BASMEZRA-PUTURGE (MALATYA),MALATYA
2023.03.20 09:41:34,38.2448,38.2698,3.4,,2.1,,KADIRUSAGI-YESILYURT (MALATYA),MALATYA
2023.03.20 09:37:37,37.5272,37.3143,4.8,,2.6,,SAHINTEPE-PAZARCIK (KAHRAMANMARAS),KAHRAMANMARAS
2023.03.20 09:35:18,38.2758,37.7430,7.5,,2.0,,CEVIRME-AKCADAG (MALATYA),MALATYA
2023.03.20 09:30:14,38.0753,36.8655,10.0,,1.5,,ERICEK-GOKSUN (KAHRAMANMARAS),KAHRAMANMARAS
2023.03.20 09:28:22,37.4425,37.0700,5.2,,2.7,,CINARLI-PAZARCIK (KAHRAMANMARAS),KAHRAMANMARAS
2023.03.20 09:12:41,37.2593,36.9863,7.4,,2.3,,INCIRLI-NURDAGI (GAZIANTEP),GAZIANTEP
2023.03.20 09:10:36,37.7477,35.7150,9.5,,1.9,,ORTAKOY-FEKE (ADANA),ADANA
2023.03.20 09:03:29,37.9533,36.6230,7.3,,1.6,,KURUCAOVA-(KAHRAMANMARAS),KAHRAMANMARAS
2023.03.20 08:59:26,37.9727,38.1128,24.0,,1.5,,KURUCAOVA-DOGANSEHIR (MALATYA),MALATYA
2023.03.20 08:57:18,38.6408,37.5110,13.2,,1.7,,CUKURKAYA-DARENDE (MALATYA),MALATYA
2023.03.20 08:53:13,38.5667,37.3853,19.0,,1.5,,GUNPINAR-DARENDE (MALATYA),MALATYA
2023.03.20 08:47:57,38.4287,38.2848,26.3,,1.7,,HATUNSUYU-BATTALGAZI (MALATYA),MALATYA
2023.03.20 08:36:33,38.0930,36.6145,3.2,,2.4,,KANLIKAVAK-GOKSUN (KAHRAMANMARAS),KAHRAMANMARAS
2023.03.20 08:32:32,37.4893,37.0475,15.7,,1.5,,CIGLI-(KAHRAMANMARAS),KAHRAMANMARAS
2023.03.20 08:29:12,38.0750,37.3740,7.5,,1.7,,AGCASAR-NURHAK (KAHRAMANMARAS),KAHRAMANMARAS
2023.03.20 08:26:26,38.2060,37.1650,9.5,,1.5,,KARAELBISTAN-ELBISTAN (KAHRAMANMARAS),KAHRAMANMARAS
2023.03.20 08:23:04,38.7725,37.4052,17.3,,1.8,,YUVA-GURUN (SIVAS),SIVAS
2023.03.20 08:21:48,37.8720,33.8215,7.9,,2.3,,MESELI-EMIRGAZI (KONYA),KONYA
2023.03.20 08:19:13,38.1750,37.4512,16.9,,1.6,,TEPEBASI-ELBISTAN (KAHRAMANMARAS),KAHRAMANMARAS
2023.03.20 07:37:00,37.4095,37.2258,5.7,,2.6,,SALMANIPAK-PAZARCIK (KAHRAMANMARAS),KAHRAMANMARAS
2023.03.20 06:56:43,36.8095,36.4962,7.1,,2.0,,TIYEK-HASSA (HATAY),HATAY
2023.03.20 06:52:31,37.4583,37.4268,5.0,,2.1,,GANIDAGI-PAZARCIK (KAHRAMANMARAS),KAHRAMANMARAS
2023.03.20 06:51:11,38.3315,27.2340,3.8,,2.1,,ZAFER-BUCA (IZMIR),IZMIR
2023.03.20 06:44:07,38.1538,38.5380,5.0,,2.2,,ULUKOY (MALATYA),MALATYA
2023.03.20 06:21:53,37.3085,36.6713,7.3,,2.9,,KALEDIBI-TURKOGLU (KAHRAMANMARAS),KAHRAMANMARAS
2023.03.20 06:11:27,36.7875,36.4533,7.7,,3.0,3.0,YOLUKLAR-HASSA (HATAY),HATAY
2023.03.20 05:49:58,36.5215,36.5580,10.8,,1.5,,SUCUKOY-KIRIKHAN (HATAY),HATAY
2023.03.20 05:39:34,38.2977,37.2353,13.7,,1.6,,KUCUKYAPALAK-ELBISTAN (KAHRAMANMARAS),KAHRAMANMARAS
2023.03.20 05:26:25,38.0652,36.6073,4.8,,1.6,,HACIOMER-GOKSUN (KAHRAMANMARAS),KAHRAMANMARAS
2023.03.20 05:22:05,36.7250,36.1075,8.6,,1.5,,PAYAS-DORTYOL (HATAY),HATAY
2023.03.20 05:16:36,38.2498,38.1513,5.0,,2.7,,SEYITUSAGI-YESILYURT (MALATYA),MALATYA
2023.03.20 05:08:03,38.0010,36.6118,17.6,,1.9,,ELMALI-GOKSUN (KAHRAMANMARAS),KAHRAMANMARAS
2023.03.20 05:04:08,37.9417,36.2682,14.9,,1.3,,KAZANDERE-GOKSUN (KAHRAMANMARAS),KAHRAMANMARAS
2023.03.20 05:03:47,36.1435,29.1523,16.0,,1.4,,AKDENIZ,AKDENIZ
2023.03.20 04:46:43,37.7765,26.9995,9.7,,1.5,,KUSADASI KORFEZI (EGE DENIZI),EGE DENIZI
2023.03.20 04:43:52,38.3325,37.2635,5.0,,1.8,,BUYUKYAPALAK-ELBISTAN (KAHRAMANMARAS),KAHRAMANMARAS
2023.03.20 04:29:18,38.0102,36.6068,8.1,,2.3,,SARAYCIK-GOKSUN (KAHRAMANMARAS),KAHRAMANMARAS
2023.03.20 04:28:28,37.3402,37.0798,6.0,,2.5,,SARIERIK-PAZARCIK (KAHRAMANMARAS),KAHRAMANMARAS
2023.03.20 04:24:26,38.0732,36.7383,2.7,,3.3,3.2,FINDIK-GOKSUN (KAHRAMANMARAS),KAHRAMANMARAS
2023.03.20 04:22:10,38.2353,37.2685,6.0,,2.6,,CITLIK-ELBISTAN (KAHRAMANMARAS),KAHRAMANMARAS
2023.03.20 04:21:23,37.8943,33.8202,6.5,,1.7,,EMIRGAZI (KONYA),KONYA
2023.03.20 04:17:26,37.9710,38.1183,5.0,,3.1,3.1,KURUCAOVA-DOGANSEHIR (MALATYA),MALATYA
2023.03.20 04:11:23,37.9007,37.8517,3.4,,2.8,,CANKARA-GOLBASI (ADIYAMAN),ADIYAMAN
2023.03.20 04:11:06,37.0608,29.1043,3.5,,1.5,,YOLCATI-ACIPAYAM (DENIZLI),DENIZLI
2023.03.20 04:05:41,38.1715,38.5408,19.6,,2.0,,ULUKOY (MALATYA),MALATYA
2023.03.20 03:51:10,38.1228,38.4592,5.3,,2.0,,AKSU-SINCIK (ADIYAMAN),ADIYAMAN
2023.03.20 03:46:39,38.0163,37.5032,6.5,,1.8,,TATLAR-NURHAK (KAHRAMANMARAS),KAHRAMANMARAS
2023.03.20 03:29:00,39.6127,39.8140,4.5,,1.8,,AVCILAR-UZUMLU (ERZINCAN),ERZINCAN
2023.03.20 03:27:52,36.9770,28.0142,19.7,,1.0,,GOKOVA KORFEZI (AKDENIZ),AKDENIZ
2023.03.20 03:26:32,39.6127,39.8698,4.7,,2.6,,BALABAN SARIKAYA-UZUMLU (ERZINCAN),ERZINCAN
2023.03.20 03:25:11,37.5112,37.1392,3.8,,2.2,,KARTAL (KAHRAMANMARAS),KAHRAMANMARAS
2023.03.20 03:14:35,38.1353,36.8320,10.1,,2.0,,KARGABUKU-AFSIN (KAHRAMANMARAS),KAHRAMANMARAS
2023.03.20 03:12:43,36.9745,28.0005,16.4,,1.1,,GOKOVA KORFEZI (AKDENIZ),AKDENIZ
2023.03.20 03:10:12,37.4943,37.2012,2.0,,1.6,,SOGUTLU-PAZARCIK (KAHRAMANMARAS),KAHRAMANMARAS
2023.03.20 03:05:04,37.3353,29.5235,6.3,,1.2,,KUMAFSARI-ACIPAYAM (DENIZLI),DENIZLI
2023.03.20 03:02:32,39.1573,41.4083,19.1,,1.5,,ASAGIALAGOZ-VARTO (MUS),MUS
2023.03.20 03:02:03,38.1150,36.6255,5.0,,2.0,,KANLIKAVAK-GOKSUN (KAHRAMANMARAS),KAHRAMANMARAS
2023.03.20 03:00:00,37.0547,28.4260,2.4,,1.3,,YESILOVA-ULA (MUGLA),MUGLA
2023.03.20 02:58:25,40.7258,42.8025,10.4,,1.7,,CULLU-GOLE (ARDAHAN),ARDAHAN
2023.03.20 02:51:47,41.5073,24.3233,5.0,,2.6,,YUNANISTAN,YUNANISTAN
2023.03.20 02:50:39,36.7660,36.4122,8.9,,1.5,,ARPALIUSAGI-HASSA (HATAY),HATAY
2023.03.20 02:48:27,40.6772,30.4230,15.1,,1.2,,KEMALIYE-ARIFIYE (SAKARYA),SAKARYA
2023.03.20 02:46:00,38.0318,36.4545,5.0,,2.1,,CAGLAYAN-GOKSUN (KAHRAMANMARAS),KAHRAMANMARAS
2023.03.20 02:44:00,37.1897,36.9350,4.8,,2.2,,SAKCAGOZE-NURDAGI (GAZIANTEP),GAZIANTEP
2023.03.20 02:42:10,39.2518,40.1715,10.6,,2.0,,SABIRTASI-KIGI (BINGOL),BINGOL
2023.03.20 02:33:24,38.0408,37.5353,4.1,,2.4,,TATLAR-NURHAK (KAHRAMANMARAS),KAHRAMANMARAS
2023.03.20 02:26:24,37.9542,36.6260,5.9,,1.6,,KURUCAOVA (KAHRAMANMARAS),KAHRAMANMARAS
2023.03.20 02:20:44,38.1205,36.5173,11.7,,1.7,,BOZHUYUK-GOKSUN (KAHRAMANMARAS),KAHRAMANMARAS
2023.03.20 02:16:52,38.2422,37.3627,5.0,,1.6,,DEMIRCILIK-ELBISTAN (KAHRAMANMARAS),KAHRAMANMARAS
2023.03.20 02:15:24,40.2145,25.1430,6.5,,1.8,,EGE DENIZI,EGE DENIZI
2023.03.20 02:13:50,37.9857,36.6222,18.3,,1.5,,ELMALI-GOKSUN (KAHRAMANMARAS),KAHRAMANMARAS
2023.03.20 02:10:00,37.9323,36.2948,9.0,,1.5,,HACIKODAL-GOKSUN (KAHRAMANMARAS),KAHRAMANMARAS
2023.03.20 02:07:59,37.5182,35.3413,9.2,,1.9,,EBRISIM-ALADAG (ADANA),ADANA
2023.03.20 02:06:55,40.7832,30.9162,16.8,,1.4,,ZEKERIYAKOY-GOLYAKA (DUZCE),DUZCE
2023.03.20 02:01:34,37.0308,28.0168,18.0,,1.5,,ALATEPE-MILAS (MUGLA),MUGLA
2023.03.20 02:01:06,37.8848,37.8897,5.0,,2.2,,CANKARA-GOLBASI (ADIYAMAN),ADIYAMAN
2023.03.20 02:00:32,36.1865,36.1582,21.0,,1.7,,HATAY,HATAY
2023.03.20 01:55:31,38.0663,36.5823,5.4,,2.1,,YAGMURLU-GOKSUN (KAHRAMANMARAS),KAHRAMANMARAS
2023.03.20 01:49:20,40.1985,25.1737,5.1,,1.7,,EGE DENIZI,EGE DENIZI
2023.03.20 01:44:28,38.4555,37.9808,3.1,,1.5,,YALINBUDAK-AKCADAG (MALATYA),MALATYA
2023.03.20 01:41:10,37.7020,37.7227,5.0,,2.3,,KUZEVLERI-BESNI (ADIYAMAN),ADIYAMAN
2023.03.20 01:38:13,37.3700,37.0940,17.1,,1.5,,ARSLANBEY-PAZARCIK (KAHRAMANMARAS),KAHRAMANMARAS
2023.03.20 01:35:04,38.2180,38.7198,5.0,,2.0,,PAZARCIK-PUTURGE (MALATYA),MALATYA
2023.03.20 01:33:51,37.9670,36.6405,8.9,,1.7,,ELMALI-GOKSUN (KAHRAMANMARAS),KAHRAMANMARAS
2023.03.20 01:32:53,38.0557,36.5712,13.4,,1.4,,TEMURAGA-GOKSUN (KAHRAMANMARAS),KAHRAMANMARAS
2023.03.20 01:31:03,37.1193,35.9757,20.9,,1.0,,ALTIGOZ-CEYHAN (ADANA),ADANA
2023.03.20 01:28:39,38.0852,36.5903,10.9,,1.5,,YAGMURLU-GOKSUN (KAHRAMANMARAS),KAHRAMANMARAS
2023.03.20 01:15:58,37.9483,27.6000,17.4,,1.1,,CAMKOY-GERMENCIK (AYDIN),AYDIN
2023.03.20 01:04:52,38.0450,36.3823,10.1,,2.0,,SOGUKPINAR-GOKSUN (KAHRAMANMARAS),KAHRAMANMARAS
2023.03.20 01:03:49,36.6052,36.4607,4.8,,1.9,,SOGUTLUOZ-KIRIKHAN (HATAY),HATAY
2023.03.20 01:02:39,36.2585,36.1473,7.1,,1.8,,KUZEYTEPE (HATAY),HATAY
2023.03.20 00:57:42,36.3823,36.1035,6.0,,0.9,,CERCIKAYA-BELEN (HATAY),HATAY
2023.03.20 00:47:04,37.7547,35.4745,4.3,,1.4,,CUBUKHARMANI-YAHYALI (KAYSERI),KAYSERI
2023.03.20 00:46:39,37.8552,37.6880,3.8,,1.6,,AKTOPRAK-GOLBASI (ADIYAMAN),ADIYAMAN
2023.03.20 00:43:32,38.1207,36.7280,8.4,,1.1,,KARAOMER-GOKSUN (KAHRAMANMARAS),KAHRAMANMARAS
2023.03.20 00:43:13,38.0143,38.4928,23.9,,1.4,,ESKIKOY-SINCIK (ADIYAMAN),ADIYAMAN
2023.03.20 00:39:20,37.4155,36.9838,6.0,,1.3,,NEVRUZLU (KAHRAMANMARAS),KAHRAMANMARAS
2023.03.20 00:37:30,36.9450,36.0433,4.7,,1.3,,YUKARIBURNAZ-ERZIN (HATAY),HATAY
2023.03.20 00:36:42,37.9788,35.5687,8.6,,1.9,,DELIALIUSAGI-YAHYALI (KAYSERI),KAYSERI
2023.03.20 00:34:20,37.9613,36.6940,7.7,,1.5,,CAMLICA (KAHRAMANMARAS),KAHRAMANMARAS
2023.03.20 00:32:42,36.0063,36.2515,5.0,,1.8,,KARBEYAZ-ALTINOZU (HATAY),HATAY
2023.03.20 00:30:14,38.0333,37.8357,5.2,,1.4,,GUNEDOGRU-DOGANSEHIR (MALATYA),MALATYA
2023.03.20 00:27:53,38.4853,37.5597,4.7,,2.5,,AKCATOPRAK-DARENDE (MALATYA),MALATYA
2023.03.20 00:21:43,37.8200,36.3707,6.6,,2.0,,KUCUKCAMURLU-GOKSUN (KAHRAMANMARAS),KAHRAMANMARAS
2023.03.20 00:20:09,38.1160,37.8427,3.3,,1.9,,TOPRAKTEPE-DOGANSEHIR (MALATYA),MALATYA
2023.03.20 00:14:36,38.0665,37.0077,5.0,,2.4,,KABAKTEPE-EKINOZU (KAHRAMANMARAS),KAHRAMANMARAS
2023.03.20 00:12:25,37.9335,36.2978,6.0,,1.5,,HACIKODAL-GOKSUN (KAHRAMANMARAS),KAHRAMANMARAS
2023.03.20 00:09:34,38.0403,37.5072,8.8,,1.6,,TATLAR-NURHAK (KAHRAMANMARAS),KAHRAMANMARAS
2023.03.20 00:08:20,39.8053,40.6883,5.0,,2.6,,HATUNCUK-ASKALE (ERZURUM),ERZURUM
2023.03.20 00:06:35,37.2442,36.7643,21.2,,1.0,,YESILYURT-TURKOGLU (KAHRAMANMARAS),KAHRAMANMARAS
2023.03.20 00:01:28,35.9642,27.6473,6.7,,2.0,,AKDENIZ,AKDENIZ
2023.03.19 23:56:56,38.2322,38.0640,11.0,,1.1,,KIRLANGIC-YESILYURT (MALATYA),MALATYA
2023.03.19 23:56:42,37.8582,36.6140,5.0,,1.1,,CEVREPINAR (KAHRAMANMARAS),KAHRAMANMARAS
2023.03.19 23:54:04,38.0763,36.6250,5.6,,1.7,,GUCUKSU-GOKSUN (KAHRAMANMARAS),KAHRAMANMARAS
2023.03.19 23:52:48,37.9137,36.2860,16.3,,1.3,,HACIKODAL-GOKSUN (KAHRAMANMARAS),KAHRAMANMARAS
2023.03.19 23:50:24,38.0925,38.3168,4.4,,1.3,,TASDAMLAR-CELIKHAN (ADIYAMAN),ADIYAMAN
2023.03.19 23:42:26,38.3620,37.2032,14.3,,0.9,,HACIHASANLI-ELBISTAN (KAHRAMANMARAS),KAHRAMANMARAS
2023.03.19 23:38:46,36.0848,35.9608,4.3,,1.9,,SAMANDAG (HATAY),HATAY
2023.03.19 23:38:02,38.4840,39.6253,12.1,,1.7,,TEKEVLER-MADEN (ELAZIG),ELAZIG
2023.03.19 23:32:46,37.9585,36.4365,9.4,,1.4,,FINDIKLIKOYAK-GOKSUN (KAHRAMANMARAS),KAHRAMANMARAS
2023.03.19 23:27:24,38.0428,37.5672,5.0,,1.6,,GOVDELI-DOGANSEHIR (MALATYA),MALATYA
2023.03.19 23:24:51,36.7727,36.5703,8.7,,2.5,,ASAGIKARAFAKILI-HASSA (HATAY),HATAY
2023.03.19 23:21:56,37.8313,35.3183,7.3,,1.9,,ULUPINAR-YAHYALI (KAYSERI),KAYSERI
2023.03.19 23:06:20,37.8305,35.3635,5.0,,3.5,,ULUPINAR-YAHYALI (KAYSERI),KAYSERI
2023.03.19 23:00:10,37.8317,36.3550,5.2,,2.0,,KUCUKCAMURLU-GOKSUN (KAHRAMANMARAS),KAHRAMANMARAS
2023.03.19 22:58:43,37.8612,36.3130,4.0,,2.6,,PAYAMBURNU-GOKSUN (KAHRAMANMARAS),KAHRAMANMARAS
2023.03.19 22:54:23,38.2187,38.2160,10.3,,1.3,,ATALAR-YESILYURT (MALATYA),MALATYA
2023.03.19 22:47:44,38.6398,40.3463,14.2,,1.6,,KAVAKLI-GENC (BINGOL),BINGOL
2023.03.19 22:41:32,38.0325,36.4112,5.0,,2.6,,ACIELMA-GOKSUN (KAHRAMANMARAS),KAHRAMANMARAS
2023.03.19 22:40:48,38.1748,36.8785,17.2,,2.0,,ESENCE-AFSIN (KAHRAMANMARAS),KAHRAMANMARAS
2023.03.19 22:39:41,38.1647,36.8895,7.5,,2.2,,ESENCE-AFSIN (KAHRAMANMARAS),KAHRAMANMARAS
2023.03.19 22:35:05,38.0178,36.5257,2.7,,3.6,,ASLANBEYCIFTLIGI-GOKSUN (KAHRAMANMARAS),KAHRAMANMARAS
2023.03.19 22:33:00,38.0648,38.2140,5.0,,2.0,,GOLBAGI-CELIKHAN (ADIYAMAN),ADIYAMAN
2023.03.19 22:30:14,38.0510,38.4780,6.9,,1.3,,HUSEYINLI-SINCIK (ADIYAMAN),ADIYAMAN
2023.03.19 22:25:53,38.2525,38.0927,5.0,,2.3,,GORGU-YESILYURT (MALATYA),MALATYA
2023.03.19 22:23:51,38.1488,38.4390,3.6,,1.8,,AKSU-SINCIK (ADIYAMAN),ADIYAMAN
2023.03.19 22:22:58,38.0862,36.6270,7.1,,1.4,,KANLIKAVAK-GOKSUN (KAHRAMANMARAS),KAHRAMANMARAS
2023.03.19 22:17:15,37.9437,36.3505,8.7,,1.8,,YOGUNOLUK-GOKSUN (KAHRAMANMARAS),KAHRAMANMARAS
2023.03.19 22:15:46,38.0883,37.1633,16.1,,1.6,,EKINOZU (KAHRAMANMARAS),KAHRAMANMARAS
2023.03.19 22:15:06,38.3398,27.2215,5.5,,2.4,,ZAFER-BUCA (IZMIR),IZMIR
2023.03.19 22:13:24,38.1203,38.1915,5.3,,2.1,,CAMPINAR-CELIKHAN (ADIYAMAN),ADIYAMAN
2023.03.19 22:12:07,38.0367,37.5123,9.3,,1.5,,TATLAR-NURHAK (KAHRAMANMARAS),KAHRAMANMARAS
2023.03.19 22:08:56,36.8190,36.1090,5.3,,1.1,,YESILKOY-DORTYOL (HATAY),HATAY
2023.03.19 21:56:29,37.3200,37.0277,5.6,,3.1,,CENNETPINARI-PAZARCIK (KAHRAMANMARAS),KAHRAMANMARAS
2023.03.19 21:53:17,39.0073,41.0228,12.8,,1.6,,ELBASI-SOLHAN (BINGOL),BINGOL
2023.03.19 21:50:25,37.4773,37.2515,4.2,,1.6,,YARBASI-PAZARCIK (KAHRAMANMARAS),KAHRAMANMARAS
2023.03.19 21:47:52,38.0233,36.4837,2.0,,3.5,,GOKSUN (KAHRAMANMARAS),KAHRAMANMARAS
2023.03.19 21:46:58,37.4898,37.0625,4.6,,3.0,3.1,CIGLI (KAHRAMANMARAS),KAHRAMANMARAS
2023.03.19 21:45:12,37.6185,35.3388,7.5,,1.5,,YETIMLI-ALADAG (ADANA),ADANA
2023.03.19 21:40:30,37.4378,36.9568,8.1,,1.3,,OKSUZLU (KAHRAMANMARAS),KAHRAMANMARAS
2023.03.19 21:39:40,37.3548,30.3758,100.7,,2.2,,HEYBELI-BUCAK (BURDUR),BURDUR
2023.03.19 21:38:32,36.2138,35.7685,5.0,,1.5,,KALE-ARSUZ (HATAY),HATAY
2023.03.19 21:32:05,38.5485,36.6975,5.0,,1.1,,BUYUKORTULU-SARIZ (KAYSERI),KAYSERI
2023.03.19 21:31:28,38.1532,36.6032,14.8,,1.1,,YENIYAPAN-GOKSUN (KAHRAMANMARAS),KAHRAMANMARAS
2023.03.19 21:28:47,36.3350,36.2417,11.6,,2.5,,ARPAHAN (HATAY),HATAY
2023.03.19 21:25:20,38.2265,38.1597,3.8,,2.1,,ATALAR-YESILYURT (MALATYA),MALATYA
2023.03.19 21:12:58,37.8522,37.7312,5.4,,2.6,,HARMANLI-GOLBASI (ADIYAMAN),ADIYAMAN
2023.03.19 21:12:20,38.1723,37.3708,9.7,,1.8,,AKBAYIR-ELBISTAN (KAHRAMANMARAS),KAHRAMANMARAS
2023.03.19 21:08:13,37.8253,37.3808,5.0,,1.7,,KUCUKCERIT-CAGLAYANCERIT (KAHRAMANMARAS),KAHRAMANMARAS
2023.03.19 21:05:25,38.3593,39.6473,5.0,,1.6,,AGADIBEK-MADEN (ELAZIG),ELAZIG
2023.03.19 21:04:02,38.3588,38.9920,4.9,,1.9,,GORGULU-SIVRICE (ELAZIG),ELAZIG
2023.03.19 21:01:17,36.2757,36.3163,5.0,,1.6,,MELEKLI (HATAY),HATAY
2023.03.19 20:53:47,38.0347,36.4942,5.0,,3.6,,HACIMIRZA-GOKSUN (KAHRAMANMARAS),KAHRAMANMARAS
2023.03.19 20:53:15,38.1823,37.3028,16.7,,1.4,,AKBAYIR-ELBISTAN (KAHRAMANMARAS),KAHRAMANMARAS
2023.03.19 20:51:26,37.6883,36.3373,5.9,,1.6,,CANBAZ-ANDIRIN (KAHRAMANMARAS),KAHRAMANMARAS
2023.03.19 20:50:45,39.1828,40.1338,7.9,,2.0,,GUNLUK-YAYLADERE (BINGOL),BINGOL
2023.03.19 20:45:49,38.1318,36.7048,6.6,,1.2,,KARAOMER-GOKSUN (KAHRAMANMARAS),KAHRAMANMARAS
2023.03.19 20:41:11,35.5572,35.6980,3.5,,2.6,,AKDENIZ,AKDENIZ
2023.03.19 20:40:42,38.1538,39.0173,5.0,,1.3,,BOLUNMEZ-PUTURGE (MALATYA),MALATYA
2023.03.19 20:33:33,38.1797,37.9028,10.7,,1.6,,KARATERZI-DOGANSEHIR (MALATYA),MALATYA
2023.03.19 20:33:11,37.9127,36.3172,3.1,,1.7,,HACIKODAL-GOKSUN (KAHRAMANMARAS),KAHRAMANMARAS
2023.03.19 20:30:58,38.4303,37.4967,5.0,,1.9,,SUGUL-DARENDE (MALATYA),MALATYA
2023.03.19 20:28:55,37.8827,36.3367,15.9,,1.1,,KUCUKCAMURLU-GOKSUN (KAHRAMANMARAS),KAHRAMANMARAS
2023.03.19 20:27:28,37.9847,36.6327,9.0,,1.1,,ELMALI-GOKSUN (KAHRAMANMARAS),KAHRAMANMARAS
2023.03.19 20:25:24,37.8350,36.4225,5.3,,1.6,,GEBEN-ANDIRIN (KAHRAMANMARAS),KAHRAMANMARAS
2023.03.19 20:22:38,37.7988,36.4045,10.9,,1.8,,GEBEN-ANDIRIN (KAHRAMANMARAS),KAHRAMANMARAS
2023.03.19 20:19:28,38.0050,36.4922,2.8,,2.6,,GOKSUN (KAHRAMANMARAS),KAHRAMANMARAS
2023.03.19 20:19:04,35.9080,31.0763,6.9,,2.6,,AKDENIZ,AKDENIZ
2023.03.19 20:17:32,37.0308,36.9082,5.2,,2.0,,KUZOLUK-NURDAGI (GAZIANTEP),GAZIANTEP
2023.03.19 20:15:30,38.1600,36.7153,6.1,,1.9,,BUYUKKIZILCIK-GOKSUN (KAHRAMANMARAS),KAHRAMANMARAS
2023.03.19 20:11:41,38.0793,36.6120,10.0,,0.8,,YAGMURLU-GOKSUN (KAHRAMANMARAS),KAHRAMANMARAS
2023.03.19 20:11:02,35.1583,34.2195,5.9,,2.1,,AKDENIZ,AKDENIZ
2023.03.19 20:04:31,38.1143,38.4513,2.7,,1.7,,KARAGOL-CELIKHAN (ADIYAMAN),ADIYAMAN
2023.03.19 20:01:54,38.2283,38.6335,20.1,,1.5,,KAVAKLIDERE-PUTURGE (MALATYA),MALATYA
2023.03.19 19:59:31,38.0178,36.4618,5.0,,2.1,,YIRICEK-GOKSUN (KAHRAMANMARAS),KAHRAMANMARAS
2023.03.19 19:56:31,36.3125,36.3477,6.1,,2.0,,KURTULUS-REYHANLI (HATAY),HATAY
2023.03.19 19:56:07,38.0410,36.5358,24.0,,1.3,,HACIMIRZA-GOKSUN (KAHRAMANMARAS),KAHRAMANMARAS
2023.03.19 19:54:56,37.5083,37.1078,5.3,,2.1,,KARTAL (KAHRAMANMARAS),KAHRAMANMARAS
2023.03.19 19:52:43,38.0725,36.6492,3.3,,2.6,,GUCUKSU-GOKSUN (KAHRAMANMARAS),KAHRAMANMARAS
2023.03.19 19:43:16,37.8395,37.7420,2.2,,2.8,,HARMANLI-GOLBASI (ADIYAMAN),ADIYAMAN
2023.03.19 19:42:40,38.3375,27.2330,7.0,,2.0,,ZAFER-BUCA (IZMIR),IZMIR
2023.03.19 19:41:41,38.1195,37.2265,5.3,,2.0,,AKPINAR-EKINOZU (KAHRAMANMARAS),KAHRAMANMARAS
2023.03.19 19:39:54,38.0917,37.4322,11.8,,1.8,,SUNNETKOY-ELBISTAN (KAHRAMANMARAS),KAHRAMANMARAS
2023.03.19 19:36:14,37.9000,33.8297,5.0,,1.6,,EMIRGAZI (KONYA),KONYA
2023.03.19 19:35:27,38.4495,39.4055,5.0,,1.4,,SUREK-SIVRICE (ELAZIG),ELAZIG
2023.03.19 19:34:29,37.0383,36.6555,9.9,,1.6,,ISLAHIYE (GAZIANTEP),GAZIANTEP
2023.03.19 19:32:50,38.1240,36.7387,16.6,,1.5,,KARAOMER-GOKSUN (KAHRAMANMARAS),KAHRAMANMARAS
2023.03.19 19:28:15,38.3320,27.2315,6.8,,2.2,,ZAFER-BUCA (IZMIR),IZMIR
2023.03.19 19:24:23,37.1597,36.9595,7.4,,1.3,,IKIZKUYU-NURDAGI (GAZIANTEP),GAZIANTEP
2023.03.19 19:17:13,38.1232,37.7548,15.9,,1.5,,FINDIKKOY-DOGANSEHIR (MALATYA),MALATYA
2023.03.19 19:13:54,37.7928,36.2968,8.5,,1.9,,CIGSAR-ANDIRIN (KAHRAMANMARAS),KAHRAMANMARAS
2023.03.19 19:11:17,37.7082,36.5510,5.2,,1.8,,AKGUMUS-ANDIRIN (KAHRAMANMARAS),KAHRAMANMARAS
2023.03.19 19:07:08,38.1457,36.4678,4.0,,1.5,,TAHIRBEY-GOKSUN (KAHRAMANMARAS),KAHRAMANMARAS
2023.03.19 19:04:33,38.1172,37.1692,19.2,,1.3,,GUPLUCE-ELBISTAN (KAHRAMANMARAS),KAHRAMANMARAS
2023.03.19 19:02:34,38.4647,37.3955,17.3,,1.2,,GAZIKOY-DARENDE (MALATYA),MALATYA
2023.03.19 18:55:39,38.0273,36.5072,18.1,,1.5,,HACIMIRZA-GOKSUN (KAHRAMANMARAS),KAHRAMANMARAS
2023.03.19 18:55:11,38.3920,37.4165,12.0,,1.6,,YALINTAS-ELBISTAN (KAHRAMANMARAS),KAHRAMANMARAS
2023.03.19 18:50:58,39.3517,40.3308,26.3,,1.7,,KIGI (BINGOL),BINGOL
2023.03.19 18:45:57,38.4095,37.6268,4.7,,1.2,,YUKARIULUPINAR-DARENDE (MALATYA),MALATYA
2023.03.19 18:45:37,37.0628,28.4243,16.2,,1.5,,YESILOVA-ULA (MUGLA),MUGLA
2023.03.19 18:43:33,37.5878,37.3505,12.3,,1.6,,KARAAGAC-PAZARCIK (KAHRAMANMARAS),KAHRAMANMARAS
2023.03.19 18:36:26,37.0435,36.7105,5.9,,1.2,,ORTULU-ISLAHIYE (GAZIANTEP),GAZIANTEP
2023.03.19 18:25:12,37.8837,36.6377,5.4,,1.5,,TEKIR (KAHRAMANMARAS),KAHRAMANMARAS
2023.03.19 18:22:49,36.0913,36.1083,5.0,,1.9,,SINANLI (HATAY),HATAY
2023.03.19 18:19:46,38.5742,37.4825,5.0,,2.2,,DARENDE (MALATYA),MALATYA
2023.03.19 18:10:04,38.0215,37.5978,12.6,,1.8,,GOVDELI-DOGANSEHIR (MALATYA),MALATYA
2023.03.19 18:08:36,38.0365,36.4633,9.4,,2.3,,CAGLAYAN-GOKSUN (KAHRAMANMARAS),KAHRAMANMARAS
2023.03.19 18:01:41,38.0658,37.2562,4.3,,2.5,,GUMUSDOVEN-ELBISTAN (KAHRAMANMARAS),KAHRAMANMARAS
2023.03.19 18:01:16,38.1917,36.7322,13.1,,1.7,,BUYUKKIZILCIK-GOKSUN (KAHRAMANMARAS),KAHRAMANMARAS
2023.03.19 17:58:40,37.2882,37.0080,4.1,,2.1,,AKDEMIR-PAZARCIK (KAHRAMANMARAS),KAHRAMANMARAS
2023.03.19 17:57:06,37.9358,36.2662,19.6,,1.0,,HACIKODAL-GOKSUN (KAHRAMANMARAS),KAHRAMANMARAS
2023.03.19 17:54:59,36.1048,36.0658,8.7,,1.4,,AKNEHIR-SAMANDAG (HATAY),HATAY
2023.03.19 17:43:43,36.1230,33.5488,0.0,,1.2,,BUYUKECELI-GULNAR (MERSIN),MERSIN
2023.03.19 17:43:01,38.1233,38.4108,18.1,,1.9,,KARAGOL-CELIKHAN (ADIYAMAN),ADIYAMAN
2023.03.19 17:40:08,37.9680,36.3567,16.7,,1.5,,SIRMALI-GOKSUN (KAHRAMANMARAS),KAHRAMANMARAS
2023.03.19 17:33:19,36.5765,36.4388,8.4,,2.4,,CAMSARI-KIRIKHAN (HATAY),HATAY
2023.03.19 17:25:57,36.2933,36.0707,5.1,,3.2,,KARLISU (HATAY),HATAY
2023.03.19 17:24:22,38.1077,37.8398,5.4,,2.3,,TOPRAKTEPE-DOGANSEHIR (MALATYA),MALATYA
2023.03.19 17:18:28,37.9287,36.3958,5.0,,3.3,3.3,YOGUNOLUK-GOKSUN (KAHRAMANMARAS),KAHRAMANMARAS
2023.03.19 17:16:11,36.9628,28.0140,2.6,,2.5,,GOKOVA KORFEZI (AKDENIZ),AKDENIZ
2023.03.19 17:04:59,38.0758,38.4955,8.4,,1.8,,KARAKOSE-SINCIK (ADIYAMAN),ADIYAMAN
2023.03.19 16:54:00,37.4618,37.3565,9.1,,1.7,,INCIRLI-PAZARCIK (KAHRAMANMARAS),KAHRAMANMARAS
2023.03.19 16:50:02,38.0000,37.5218,6.9,,1.8,,TATLAR-NURHAK (KAHRAMANMARAS),KAHRAMANMARAS
2023.03.19 16:44:11,38.0203,36.5412,2.4,,2.6,,YANTEPE-GOKSUN (KAHRAMANMARAS),KAHRAMANMARAS
2023.03.19 16:36:37,38.0092,36.4557,7.1,,3.5,3.5,YIRICEK-GOKSUN (KAHRAMANMARAS),KAHRAMANMARAS
2023.03.19 16:31:35,38.1762,38.4825,5.0,,2.0,,ULUKOY (MALATYA),MALATYA
2023.03.19 16:28:09,38.1330,36.5823,11.7,,2.0,,KOMURKOY-GOKSUN (KAHRAMANMARAS),KAHRAMANMARAS
2023.03.19 16:25:45,38.0467,36.4428,5.0,,3.0,3.2,CAGLAYAN-GOKSUN (KAHRAMANMARAS),KAHRAMANMARAS
2023.03.19 16:17:34,36.0420,35.9145,13.7,,2.0,,TEKEBASI-SAMANDAG (HATAY),HATAY
2023.03.19 16:12:24,38.0300,36.4767,5.0,,3.5,3.3,GOKSUN (KAHRAMANMARAS),KAHRAMANMARAS
2023.03.19 16:11:22,38.0210,36.4957,10.5,,2.1,,GOKSUN (KAHRAMANMARAS),KAHRAMANMARAS
2023.03.19 16:10:20,38.2965,37.8413,29.3,,1.7,,HANCERLI-AKCADAG (MALATYA),MALATYA
2023.03.19 16:04:43,37.7762,36.3767,17.3,,2.0,,CIGSAR-ANDIRIN (KAHRAMANMARAS),KAHRAMANMARAS
2023.03.19 16:02:49,38.0325,36.4578,5.0,,2.2,,CAGLAYAN-GOKSUN (KAHRAMANMARAS),KAHRAMANMARAS
2023.03.19 15:58:38,38.3170,37.7773,9.7,,2.6,,DUTLU-AKCADAG (MALATYA),MALATYA
2023.03.19 15:56:44,38.0373,36.4540,5.0,,4.4,4.2,CAGLAYAN-GOKSUN (KAHRAMANMARAS),KAHRAMANMARAS
2023.03.19 15:54:24,38.0183,36.4855,5.0,,4.4,4.3,GOKSUN (KAHRAMANMARAS),KAHRAMANMARAS
2023.03.19 15:50:45,38.1190,36.8015,6.2,,2.7,,CARDAK-GOKSUN (KAHRAMANMARAS),KAHRAMANMARAS
2023.03.19 15:45:54,38.3712,38.2093,11.9,,1.9,,TOPSOGUT (MALATYA),MALATYA
2023.03.19 15:43:44,38.2342,38.0177,12.3,,2.0,,DEDEKOY-AKCADAG (MALATYA),MALATYA
2023.03.19 15:37:51,37.2802,37.0900,6.0,,2.3,,ORDEKDEDE-PAZARCIK (KAHRAMANMARAS),KAHRAMANMARAS
2023.03.19 15:20:19,36.9717,36.5048,26.6,,2.0,,TANDIR-ISLAHIYE (GAZIANTEP),GAZIANTEP
2023.03.19 15:17:15,37.2682,36.8885,15.0,,1.6,,MINEHUYUK-TURKOGLU (KAHRAMANMARAS),KAHRAMANMARAS
2023.03.19 14:59:02,38.4352,37.5510,9.3,,2.3,,ASAGIULUPINAR-DARENDE (MALATYA),MALATYA
2023.03.19 14:52:30,37.5908,36.7500,21.9,,1.6,,KAVLAKLI (KAHRAMANMARAS),KAHRAMANMARAS
2023.03.19 14:29:56,38.1248,36.2320,18.4,,1.6,,BEYPINARI-SAIMBEYLI (ADANA),ADANA
2023.03.19 14:28:49,38.0305,37.6793,13.3,,2.1,,BEGRE-DOGANSEHIR (MALATYA),MALATYA
2023.03.19 14:26:54,37.2370,36.9912,7.8,,1.6,,SATIRHUYUK-NURDAGI (GAZIANTEP),GAZIANTEP
2023.03.19 14:05:59,38.1793,37.9527,0.0,,2.3,,YUVALI-DOGANSEHIR (MALATYA),MALATYA
2023.03.19 13:58:09,37.3988,37.1870,1.5,,1.5,,CIGDEMTEPE-PAZARCIK (KAHRAMANMARAS),KAHRAMANMARAS
2023.03.19 13:55:45,37.9265,36.2200,3.3,,1.5,,AKSAAGAC-SAIMBEYLI (ADANA),ADANA
2023.03.19 13:53:48,37.9975,38.1175,11.4,,1.9,,KURUCAOVA-DOGANSEHIR (MALATYA),MALATYA
2023.03.19 13:44:24,38.6445,39.6945,8.0,,2.6,,YOLUSTU (ELAZIG),ELAZIG
2023.03.19 13:35:48,38.1325,37.0295,14.9,,1.6,,CALIS-ELBISTAN (KAHRAMANMARAS),KAHRAMANMARAS
2023.03.19 13:22:54,39.7162,41.5410,6.5,,2.1,,INCESU-TEKMAN (ERZURUM),ERZURUM
2023.03.19 13:19:45,38.0112,37.5527,4.5,,2.4,,TATLAR-NURHAK (KAHRAMANMARAS),KAHRAMANMARAS
2023.03.19 13:01:18,38.0400,36.5762,5.3,,2.2,,TEMURAGA-GOKSUN (KAHRAMANMARAS),KAHRAMANMARAS
2023.03.19 12:58:46,37.8222,36.4143,10.2,,2.6,,GEBEN-ANDIRIN (KAHRAMANMARAS),KAHRAMANMARAS
2023.03.19 12:37:50,37.9583,36.2772,13.3,,1.9,,KAZANDERE-GOKSUN (KAHRAMANMARAS),KAHRAMANMARAS
2023.03.19 12:29:23,37.8712,37.9407,5.0,,2.3,,ERKENEK-DOGANSEHIR (MALATYA),MALATYA
2023.03.19 12:25:33,38.1247,36.8490,5.4,,2.2,,KAMISCIK-GOKSUN (KAHRAMANMARAS),KAHRAMANMARAS
2023.03.19 12:25:28,37.9102,35.9828,9.5,,2.2,,CIVIKLI-SAIMBEYLI (ADANA),ADANA
2023.03.19 12:15:48,38.3622,27.2228,6.4,,2.3,,ZAFER-BUCA (IZMIR),IZMIR
2023.03.19 12:05:12,37.8643,36.6900,9.3,,2.5,,SAHINKAYASI (KAHRAMANMARAS),KAHRAMANMARAS
2023.03.19 11:59:15,37.8358,36.3902,13.1,,1.9,,KUCUKCAMURLU-GOKSUN (KAHRAMANMARAS),KAHRAMANMARAS
2023.03.19 11:50:26,38.1162,38.5560,8.3,,2.3,,ARIKONAK-SINCIK (ADIYAMAN),ADIYAMAN
2023.03.19 11:44:04,34.2857,35.6788,7.5,,4.2,4.3,DOGU AKDENIZ,DOGU AKDENIZ
2023.03.19 11:43:54,38.3253,37.3015,5.1,,2.5,,BUYUKYAPALAK-ELBISTAN (KAHRAMANMARAS),KAHRAMANMARAS
2023.03.19 11:29:49,37.8715,36.4973,5.3,,2.5,,KUMARLI (KAHRAMANMARAS),KAHRAMANMARAS
2023.03.19 11:28:46,38.3578,37.1628,13.8,,1.4,,HACIHASANLI-ELBISTAN (KAHRAMANMARAS),KAHRAMANMARAS
2023.03.19 10:55:34,38.3118,37.7188,13.4,,2.1,,BEKIRUSAGI-AKCADAG (MALATYA),MALATYA
2023.03.19 10:39:29,38.3873,24.2205,6.5,,1.7,,EGE DENIZI,EGE DENIZI
2023.03.19 10:39:01,37.9817,38.1315,5.0,,3.3,3.3,KURUCAOVA-DOGANSEHIR (MALATYA),MALATYA
2023.03.19 10:38:17,38.3568,27.2547,2.7,,1.8,,ZAFER-BUCA (IZMIR),IZMIR
2023.03.19 10:34:30,37.5330,37.2213,5.3,,2.3,,ARMUTLU-PAZARCIK (KAHRAMANMARAS),KAHRAMANMARAS
2023.03.19 10:33:23,38.4315,37.3988,11.4,,1.9,,GAZIKOY-DARENDE (MALATYA),MALATYA
2023.03.19 10:29:55,38.2267,37.3607,9.2,,1.6,,DEMIRCILIK-ELBISTAN (KAHRAMANMARAS),KAHRAMANMARAS
2023.03.19 10:29:34,37.8438,27.1290,5.0,,1.4,,KUSADASI KORFEZI (EGE DENIZI),EGE DENIZI
2023.03.19 10:25:25,38.2068,37.9243,5.0,,3.8,3.8,KARATERZI-DOGANSEHIR (MALATYA),MALATYA
2023.03.19 10:23:59,37.9962,36.3618,13.6,,1.2,,HUGTAS-GOKSUN (KAHRAMANMARAS),KAHRAMANMARAS
2023.03.19 10:22:17,36.3727,36.0000,8.8,,1.7,,KARAGOZ-ARSUZ (HATAY),HATAY
2023.03.19 10:15:20,36.5413,36.3512,1.0,,2.5,,ALAYBEYLI-KIRIKHAN (HATAY),HATAY
2023.03.19 10:12:35,38.2042,38.7005,2.7,,2.2,,ALIHAN-PUTURGE (MALATYA),MALATYA
2023.03.19 10:06:20,37.8848,36.0125,8.1,,1.6,,CUMHURLU-SAIMBEYLI (ADANA),ADANA
2023.03.19 09:59:31,37.5435,37.2328,1.8,,1.8,,CAMLICA-PAZARCIK (KAHRAMANMARAS),KAHRAMANMARAS
2023.03.19 09:56:00,38.0117,37.6398,5.7,,2.5,,GOVDELI-DOGANSEHIR (MALATYA),MALATYA
2023.03.19 09:41:07,35.6862,26.5160,3.0,,3.7,3.6,AKDENIZ,AKDENIZ
2023.03.19 09:35:15,37.2828,35.4092,5.0,,2.1,,TATIK-KARAISALI (ADANA),ADANA
2023.03.19 09:28:57,36.9980,36.0660,6.9,,1.9,,BUYUKTUYSUZ-TOPRAKKALE (OSMANIYE),OSMANIYE
2023.03.19 09:26:30,37.4587,37.1703,5.2,,2.4,,DOGANLIKARAHASAN-PAZARCIK (KAHRAMANMARAS),KAHRAMANMARAS
2023.03.19 09:22:32,38.3363,27.2457,4.9,,1.7,,ZAFER-BUCA (IZMIR),IZMIR
2023.03.19 09:21:11,38.1445,38.4315,5.0,,2.4,,SALKONAK-YESILYURT (MALATYA),MALATYA
2023.03.19 09:18:10,37.8690,36.6157,11.5,,1.9,,TEKIR (KAHRAMANMARAS),KAHRAMANMARAS
2023.03.19 09:11:21,37.2522,36.8355,4.2,,1.1,,KIRISKAL-NURDAGI (GAZIANTEP),GAZIANTEP
2023.03.19 08:55:44,38.3318,27.2392,1.9,,1.8,,ZAFER-BUCA (IZMIR),IZMIR
2023.03.19 08:54:28,37.3275,36.9810,4.3,,1.5,,KADIOGLUCIFTLIGI-TURKOGLU (KAHRAMANMARAS),KAHRAMANMARAS
2023.03.19 08:51:21,38.1392,38.5665,5.0,,2.0,,ARIKONAK-SINCIK (ADIYAMAN),ADIYAMAN
2023.03.19 08:43:31,38.1323,38.4383,5.0,,2.3,,AKSU-SINCIK (ADIYAMAN),ADIYAMAN
2023.03.19 08:41:12,36.0998,36.1757,12.0,,2.2,,SOFULAR (HATAY),HATAY
2023.03.19 08:38:33,40.7895,30.9917,5.0,,1.5,,GOLYAKA (DUZCE),DUZCE
2023.03.19 08:34:25,38.0712,37.1675,7.2,,1.8,,EKINOZU (KAHRAMANMARAS),KAHRAMANMARAS
2023.03.19 08:25:10,38.2423,37.3430,1.2,,2.2,,DEMIRCILIK-ELBISTAN (KAHRAMANMARAS),KAHRAMANMARAS
2023.03.19 08:18:40,36.0162,33.5728,5.4,,2.0,,AYDINCIK ACIKLARI-MERSIN (AKDENIZ),AKDENIZ
2023.03.19 08:14:01,36.3290,36.4360,5.0,,1.8,,KARASULEYMANLI-REYHANLI (HATAY),HATAY
2023.03.19 08:11:03,38.7168,39.7927,13.3,,2.0,,AKMEZREA-KOVANCILAR (ELAZIG),ELAZIG
2023.03.19 07:58:35,37.8588,36.3107,8.5,,1.8,,PAYAMBURNU-GOKSUN (KAHRAMANMARAS),KAHRAMANMARAS
2023.03.19 07:54:07,38.1023,38.4883,1.1,,2.3,,KARAKOSE-SINCIK (ADIYAMAN),ADIYAMAN
2023.03.19 07:47:48,38.4900,37.6493,6.2,,1.2,,YESILTAS-DARENDE (MALATYA),MALATYA
2023.03.19 07:47:44,38.3592,27.2943,1.1,,1.5,,KIRIKLAR-BUCA (IZMIR),IZMIR
2023.03.19 07:46:20,38.3615,27.2297,4.2,,2.2,,ZAFER-BUCA (IZMIR),IZMIR
2023.03.19 07:43:01,35.6810,35.7042,5.0,,1.9,,AKDENIZ,AKDENIZ
2023.03.19 07:38:08,38.4732,37.9978,5.9,,1.9,,KEKLIKPINARI-AKCADAG (MALATYA),MALATYA
2023.03.19 07:35:40,38.0658,37.2602,4.6,,1.6,,GUMUSDOVEN-ELBISTAN (KAHRAMANMARAS),KAHRAMANMARAS
2023.03.19 07:30:42,38.2768,37.8560,5.0,,2.7,,HANCERLI-AKCADAG (MALATYA),MALATYA
2023.03.19 07:27:55,37.9183,36.8007,5.8,,2.1,,HACIIBRAHIMUSAGI (KAHRAMANMARAS),KAHRAMANMARAS
2023.03.19 07:14:25,38.0197,36.4810,6.6,,3.2,3.1,GOKSUN (KAHRAMANMARAS),KAHRAMANMARAS
2023.03.19 07:10:09,38.0348,37.6167,8.9,,2.2,,GOVDELI-DOGANSEHIR (MALATYA),MALATYA
2023.03.19 07:05:47,38.1083,37.4483,5.7,,1.9,,SUNNETKOY-ELBISTAN (KAHRAMANMARAS),KAHRAMANMARAS
2023.03.19 07:01:40,38.4893,37.5890,6.6,,1.5,,BALABAN-DARENDE (MALATYA),MALATYA
2023.03.19 06:54:34,38.2897,37.7205,1.8,,1.5,,CEVIRME-AKCADAG (MALATYA),MALATYA
2023.03.19 06:45:06,39.6097,26.4573,7.1,,2.3,,TARTISIK-AYVACIK (CANAKKALE),CANAKKALE
2023.03.19 06:36:34,38.2088,37.3343,1.5,,2.8,,DEMIRCILIK-ELBISTAN (KAHRAMANMARAS),KAHRAMANMARAS
2023.03.19 06:35:57,36.7817,36.4452,12.8,,2.0,,YOLUKLAR-HASSA (HATAY),HATAY
2023.03.19 06:31:44,37.9843,37.4917,5.0,,3.5,3.6,KULLAR-NURHAK (KAHRAMANMARAS),KAHRAMANMARAS
2023.03.19 06:19:41,37.1693,36.6683,8.0,,2.3,,KAMAN-BAHCE (OSMANIYE),OSMANIYE
2023.03.19 06:18:48,40.7625,31.5318,5.0,,1.5,,KIZILAGIL (BOLU),BOLU
2023.03.19 06:16:02,36.7453,36.0072,14.7,,1.4,,ISKENDERUN KORFEZI (AKDENIZ),AKDENIZ
2023.03.19 06:14:17,37.8630,36.4572,11.5,,1.6,,KUMARLI (KAHRAMANMARAS),KAHRAMANMARAS
2023.03.19 06:08:49,37.8502,36.6430,5.0,,2.9,,DONGEL (KAHRAMANMARAS),KAHRAMANMARAS
2023.03.19 06:06:00,36.7768,36.2792,7.8,,2.3,,CAGLALIK-DORTYOL (HATAY),HATAY
2023.03.19 05:55:10,38.0473,36.4608,7.6,,1.8,,CAGLAYAN-GOKSUN (KAHRAMANMARAS),KAHRAMANMARAS
2023.03.19 05:51:45,37.8365,36.4237,5.4,,2.3,,GEBEN-ANDIRIN (KAHRAMANMARAS),KAHRAMANMARAS
2023.03.19 05:49:59,37.0153,36.3867,5.0,,2.6,,YARPUZ (OSMANIYE),OSMANIYE
2023.03.19 05:45:25,36.2255,36.2490,5.1,,1.2,,ACIKDERE (HATAY),HATAY
2023.03.19 05:43:08,38.7293,30.4165,3.7,,1.7,,KAYADIBI-SINANPASA (AFYONKARAHISAR),AFYONKARAHISAR
2023.03.19 05:34:08,36.0978,36.0058,6.3,,1.6,,KUSALANI-SAMANDAG (HATAY),HATAY
2023.03.19 05:29:55,36.5610,36.4855,10.0,,2.6,,GULTEPE-KIRIKHAN (HATAY),HATAY
2023.03.19 05:15:51,36.8493,36.5032,4.6,,2.0,,YENIYAPAN-HASSA (HATAY),HATAY
2023.03.19 05:08:56,38.6207,37.5650,5.0,,1.5,,GOLLUCE-DARENDE (MALATYA),MALATYA
2023.03.19 04:58:53,38.1455,36.7092,5.0,,2.0,,KARAOMER-GOKSUN (KAHRAMANMARAS),KAHRAMANMARAS
2023.03.19 04:57:23,38.1133,36.2155,6.8,,1.6,,BEYPINARI-SAIMBEYLI (ADANA),ADANA
2023.03.19 04:56:12,38.3413,27.2310,4.6,,1.3,,ZAFER-BUCA (IZMIR),IZMIR
2023.03.19 04:53:45,37.8417,36.6390,7.5,,1.7,,DONGEL (KAHRAMANMARAS),KAHRAMANMARAS
2023.03.19 04:49:15,38.1100,37.1498,7.9,,2.1,,GUPLUCE-ELBISTAN (KAHRAMANMARAS),KAHRAMANMARAS
2023.03.19 04:48:34,40.5002,33.8668,5.0,,3.3,3.3,ASAGIOVACIK-KIZILIRMAK (CANKIRI),CANKIRI
2023.03.19 04:39:06,40.3750,34.6425,2.5,,1.7,,EVCIKUZKISLA (CORUM),CORUM
2023.03.19 04:23:53,37.4567,37.0228,5.0,,1.7,,KAPICAM (KAHRAMANMARAS),KAHRAMANMARAS
2023.03.19 04:19:33,38.0310,37.3343,4.3,,3.2,3.4,BARIS-NURHAK (KAHRAMANMARAS),KAHRAMANMARAS
2023.03.19 04:07:00,36.9990,28.0538,13.8,,1.1,,GOKOVA KORFEZI (AKDENIZ),AKDENIZ
2023.03.19 04:04:00,36.4648,36.1705,1.1,,0.8,,BENLIDERE-BELEN (HATAY),HATAY
2023.03.19 04:01:41,39.2428,29.3133,5.4,,1.5,,SEYHCAKIR-HISARCIK (KUTAHYA),KUTAHYA
2023.03.19 04:01:20,38.0922,36.6322,7.4,,1.9,,KANLIKAVAK-GOKSUN (KAHRAMANMARAS),KAHRAMANMARAS
2023.03.19 03:59:10,37.9915,37.4743,5.2,,2.2,,NURHAK (KAHRAMANMARAS),KAHRAMANMARAS
2023.03.19 03:55:53,36.9463,37.1883,7.5,,1.7,,COREKLI-SAHINBEY (GAZIANTEP),GAZIANTEP
2023.03.19 03:48:14,37.7918,33.8503,24.7,,1.2,,BEYOREN-EREGLI (KONYA),KONYA
2023.03.19 03:48:13,38.5095,36.5645,5.0,,1.5,,KUCUKSOBECIMEN-SARIZ (KAYSERI),KAYSERI
2023.03.19 03:47:07,36.1103,36.3512,21.6,,1.3,,MAYADALI-ALTINOZU (HATAY),HATAY
2023.03.19 03:43:20,37.8783,36.3592,5.8,,2.1,,KUCUKCAMURLU-GOKSUN (KAHRAMANMARAS),KAHRAMANMARAS
2023.03.19 03:39:31,37.9350,36.3605,5.8,,2.5,,YOGUNOLUK-GOKSUN (KAHRAMANMARAS),KAHRAMANMARAS
2023.03.19 03:35:17,37.0725,36.5448,2.6,,1.5,,SARAYOVA-HASANBEYLI (OSMANIYE),OSMANIYE
2023.03.19 03:33:58,38.5945,27.5920,7.1,,1.8,,HACIHALILLER (MANISA),MANISA
2023.03.19 03:31:08,37.5982,38.6003,8.0,,1.7,,BELOREN-KAHTA (ADIYAMAN),ADIYAMAN
2023.03.19 03:28:29,36.7205,36.2548,10.4,,1.6,,SINCAN-DORTYOL (HATAY),HATAY
2023.03.19 03:26:11,38.0662,37.2515,5.0,,3.0,,GUMUSDOVEN-ELBISTAN (KAHRAMANMARAS),KAHRAMANMARAS
2023.03.19 03:24:09,37.8508,36.3578,5.0,,3.2,3.1,KUCUKCAMURLU-GOKSUN (KAHRAMANMARAS),KAHRAMANMARAS
2023.03.19 03:21:50,39.9540,39.5333,5.0,,2.6,,KARACAOREN-KELKIT (GUMUSHANE),GUMUSHANE
2023.03.19 03:16:40,38.1367,36.6242,5.0,,2.7,,YENIYAPAN-GOKSUN (KAHRAMANMARAS),KAHRAMANMARAS
2023.03.19 03:10:29,38.2167,38.1248,5.0,,2.1,,ISIKLI-YESILYURT (MALATYA),MALATYA
2023.03.19 03:06:07,37.9827,36.3182,5.0,,1.8,,KAZANDERE-GOKSUN (KAHRAMANMARAS),KAHRAMANMARAS
2023.03.19 02:58:48,38.3645,27.2325,3.7,,1.3,,ZAFER-BUCA (IZMIR),IZMIR
2023.03.19 02:56:49,35.4652,35.8783,5.0,,1.5,,SURIYE,SURIYE
2023.03.19 02:52:01,38.1600,37.8563,5.0,,2.6,,POLAT-DOGANSEHIR (MALATYA),MALATYA
